chengdu	Sssssssalt	为了这18张照片，我专门飞了一趟成都	https://www.xiaohongshu.com/search_result/67f8dc7c000000001c02a7f4?xsec_token=ABIhrUyYPgJ-Zi4qTsMIYazDTb8SlfVf7RWZAX7QR3AYU=&xsec_source=pc_search
dunhuang	自由的风	连吃两天敦煌沙洲夜市纯享版攻略（无广）	https://www.xiaohongshu.com/search_result/6a4f0dce000000001101f1a7?xsec_token=ABnAePAFvqPRZ5shd69H2Qk9S-HOTidJhCIYRLg7oyf4s=&xsec_source=pc_search
mogao	行走的丁满	为了这18张照片，我特意去了趟敦煌	https://www.xiaohongshu.com/search_result/67fe326e000000000e004456?xsec_token=AB8NKVOqfTH4N9GeDRBno6aDbZnQUdEK1WDq-PqIaYZCA=&xsec_source=pc_search
yadan	土豆丝儿🍀	雅丹魔鬼城 路上风景也不赖	https://www.xiaohongshu.com/search_result/6a574e0f0000000021017f64?xsec_token=ABE_07q1CT3RYFo2Mi1Zwq27z5_agKDq5_Zydqg62M2Rg=&xsec_source=pc_search
yumenguan	丸子和大福的妈妈	D10阳关——玉门关——雅丹魔鬼城	https://www.xiaohongshu.com/search_result/6a50f7bb0000000021023eb4?xsec_token=ABxtlb_pR8hxgNlw_Q57iOwVJVUlJOpIuMrIqYlazceB8=&xsec_source=pc_search
crescent	靓靓爱装修ing🌙	敦煌·鸣沙山月牙泉	https://www.xiaohongshu.com/search_result/69f56373000000003601e614?xsec_token=ABJd6abPIP7aEO1_ivLW0U4LRWoxcdXMPf0e9TcK9lJPI=&xsec_source=pc_search
earthSon	「等你下課」&店小贰	酒泉｜瓜州·大地之子	https://www.xiaohongshu.com/search_result/6a543ff10000000022017c40?xsec_token=ABnz8vmfM6JFfYoCoNbqbJD51z2Zp_32AgpPoqSxXQ5SA=&xsec_source=pc_search
jiayuguan	Ida Mai	一脚踏进嘉峪关，半部华夏史在眼前	https://www.xiaohongshu.com/search_result/6a55feb4000000001003c566?xsec_token=AB5Sp_p0N4yJXPZfy0qtUeHS-u-bZHcTja9U7tX33wanQ=&xsec_source=pc_search
overhang	大Z	河西走廊亲子游DAY7嘉峪关+悬臂长城	https://www.xiaohongshu.com/search_result/6a5608ad00000000070274e2?xsec_token=AB50PDu8jOxKNI026KfUVsrREV40Y9S8F0_RBQcO9qNAA=&xsec_source=pc_search
jiuquan	汤圆逗包（自驾出游版）	Day14 酒泉·肃州	https://www.xiaohongshu.com/search_result/6a5a412900000000110066a6?xsec_token=ABrHjyiyC1fCa3uJgwOMBwkvQFt3y9VbfUxhEEJf_uGxs=&xsec_source=pc_search
pingshanhu	狗蛋爱奥特曼	张掖平山湖大峡谷普通游绝了	https://www.xiaohongshu.com/search_result/6a65e69b000000000100c0a5?xsec_token=AB0eW0KJ9PSL4B561jd1B_TiPfB3RRnQSL45NvLQM9YHU=&xsec_source=pc_search
earthTree	KosmoYonder｜景区天气分析	航拍张掖大地之树-大自然的调色盘	https://www.xiaohongshu.com/search_result/68b78e3e000000001d000f0c?xsec_token=ABi7aNXVo3h47lObHMm3UWkJoEQ8ZcM-qX9Y0IvTzn-ak=&xsec_source=pc_search
dafo	loose	张掖大佛寺	https://www.xiaohongshu.com/search_result/6a69da21000000000100f7a1?xsec_token=ABX_1KyoGVmm1NJIJ2TZLpDVjD3Pg-sncrmGnK4xd83AE=&xsec_source=pc_search
zhangye	Ccy	七彩丹霞夜游实测！19:30入园，原图直出	https://www.xiaohongshu.com/search_result/6a4116ff000000000702c40a?xsec_token=ABPsIKOQgiScG--WiuIhFIOx-zJtuwBWEP9_vZqe29BLk=&xsec_source=pc_search
mati	666	60米悬崖上除了悬空寺还有马蹄寺	https://www.xiaohongshu.com/search_result/6a5e3d5b000000002201936a?xsec_token=ABKT0hBj9xtOfC4MZE1QZgp7j6M8cr2zendkQCwxkr2S8=&xsec_source=pc_search
danxia	我要长脑子啦	26年8月2日张掖丹霞实拍	https://www.xiaohongshu.com/search_result/6a6f479f0000000024025146?xsec_token=ABiiWK8wWANakRIGx1TZLTh3c8WIsjMbphHtBaWdBFPak=&xsec_source=pc_search
tiantishan	亦丢八丢丢八丢	如果你也有巨物偏好，来天梯山石窟霸！	https://www.xiaohongshu.com/search_result/6a578b210000000022019b4a?xsec_token=ABE_07q1CT3RYFo2Mi1Zwq2_iGrwNTSjWqBc_ehdHKv9c=&xsec_source=pc_search
toudaocao	兔兔小姐	武威头道槽沙漠	https://www.xiaohongshu.com/search_result/69f729b3000000001f002f80?xsec_token=ABwz69wDFOYhjTiNsQr_DArLVjvxH8sg8hACXELG5Gi3M=&xsec_source=pc_search
wuwei	Hunk	因为马踏飞燕，我走进了甘肃这座六朝古都	https://www.xiaohongshu.com/search_result/6a24248500000000150260dd?xsec_token=ABxpEYcsteZFe_I3xY-W8N-MNWbfmkYy8CjAIlzaU8GqU=&xsec_source=pc_search
wushaoling	芨芨草的远方	乌鞘岭怎么玩？注意事项全在这	https://www.xiaohongshu.com/search_result/6a5b35e2000000001003ec05?xsec_token=ABnOpsoZHF3O_1Tb_y2GNzI09LiXmkMk17ZaqiBruaXD4=&xsec_source=pc_search
maya	等等 我在这里	马牙雪山｜享尽山野自由	https://www.xiaohongshu.com/search_result/6a58cc7f0000000001000c06?xsec_token=ABPJV9S59PIEkrm-7Nrn2jak-A8AAVOoVMwiyYXCi3Hk0=&xsec_source=pc_search
lanzhou	buildbuild莎	在黄河边待了一个下午	https://www.xiaohongshu.com/search_result/6a60a44a0000000001002209?xsec_token=AB9Vh2pCsouZP38x8zJEFRxb9ddh-7p6PPsnds5lu_KKo=&xsec_source=pc_search
longnan	大自然的赤小豆	爬上陇南武都黄土山上发现别有生机	https://www.xiaohongshu.com/search_result/699c61b2000000000d0081f3?xsec_token=ABXCTgFHioRMpdEEq_CUtGEro_HS9rFWZ3cC2oxsEEdL8=&xsec_source=pc_search
